Metric,Baseline,Optimized,Improvement (%)
σ Mean (volatility),0.12900962709912314,0.02117572969263972,83.58593062487532
σ Std Dev,0.04580311111345626,0.007139539925333304,84.41254370767881
σ Max,0.3666649903397165,0.0574766503624591,84.32447823578501
σ Min,0.1074601704797437,0.0178445870407262,83.39423159198327
σ Median,0.11522825149068815,0.01902102392800285,83.49274272417475
σ Q1 (25%),0.11381369473919335,0.01878337906966325,83.49638054303941
σ Q3 (75%),0.11689804555470498,0.01929149615451535,83.49716108342678
