Metric,Baseline,Optimized,Improvement (%)
σ Mean (volatility),0.12900113348535142,0.02117443218379224,83.58585571172777
σ Std Dev,0.045805897027138304,0.007137046000870766,84.41893628533825
σ Max,0.3643906216098115,0.0576893885410995,84.16825650280508
σ Min,0.1074196045883005,0.0176334036257721,83.58455731302085
σ Median,0.11526370697627225,0.01901933048960015,83.4992895955399
σ Q1 (25%),0.11375775709428132,0.018779524689341527,83.49165351970044
σ Q3 (75%),0.1169001821651349,0.01928948756276335,83.49918092042428
