turn,setup,rpm_mean,speed_mean,accel_lat_mean,tire_temp_mean,glicko_sigma_mean,engine_efficiency_mean
Turn1,Baseline,13385.378251978906,125.65517453870643,0.7589650422922054,104.98821001034517,0.2317378953171188,88.04532187150289
Turn2,Baseline,3000.0,0.0,0.0,89.51152846180021,0.11496041918909214,95.75982259197085
Turn3,Baseline,3000.0,0.0,0.0,89.47101993175598,0.11500568378005455,95.75676659895504
Turn4,Baseline,3000.0,0.0,0.0,89.47106458515849,0.1150072377732995,95.75667102300027
Turn5,Baseline,3000.0,0.0,0.0,89.50861502031793,0.11506497821851329,95.75788763202858
Turn6,Baseline,3000.0,0.0,0.0,89.5198551530124,0.11508188591927036,95.75783993896684
Straight,Baseline,3000.0,0.0,0.0,89.51405979503954,0.11499053656590469,95.75744737585079
Straight,Optimized,10835.922372740493,95.52300092709264,0.0596221056885599,96.59436125219648,0.02595899283841845,91.86524181481106
