turn,setup,rpm_mean,speed_mean,accel_lat_mean,tire_temp_mean,glicko_sigma_mean,engine_efficiency_mean
Turn1,Baseline,13382.612188393765,125.65541695639361,0.7588683235577667,104.99900070104644,0.23191086871404268,88.0422004414368
Turn2,Baseline,3000.0,0.0,0.0,89.49471368109901,0.11497524847419041,95.75767547479279
Turn3,Baseline,3000.0,0.0,0.0,89.50748661936069,0.11494401197426139,95.7561639269626
Turn4,Baseline,3000.0,0.0,0.0,89.46282655618197,0.11498561033742646,95.75633795916644
Turn5,Baseline,3000.0,0.0,0.0,89.50852058247597,0.11495243012955782,95.75996075776271
Turn6,Baseline,3000.0,0.0,0.0,89.48858697370342,0.11498787899237861,95.75992861714242
Straight,Baseline,3000.0,0.0,0.0,89.48487952595124,0.1149682266505423,95.75633914681498
Straight,Optimized,10866.014915293094,95.52300092709264,0.0596221056885599,97.15541563292814,0.02579874891130756,91.82310843859827
