Metric,Baseline,Optimized,Improvement (%)
σ Mean (volatility),0.12904352965009228,0.021175458053399324,83.59045346107814
σ Std Dev,0.04577468776022531,0.007138032435219472,84.40615810945657
σ Max,0.3638168562687815,0.0578763849598227,84.09189020173802
σ Min,0.1083074952652114,0.0177692735437848,83.59368065868999
σ Median,0.11526630622718065,0.019022096848261498,83.49726171430316
σ Q1 (25%),0.11385257507404467,0.018785610056254426,83.50005694290437
σ Q3 (75%),0.11696346645186255,0.019295024959365352,83.5033745624268
