turn,setup,rpm_mean,speed_mean,accel_lat_mean,tire_temp_mean,glicko_sigma_mean,engine_efficiency_mean
Turn1,Baseline,13382.99065818072,125.64579652921071,0.7588540320152892,104.97337295365259,0.23184091479192034,88.04499949690705
Turn2,Baseline,3000.0,0.0,0.0,89.46661917973245,0.11496267742652452,95.75742870934896
Turn3,Baseline,3000.0,0.0,0.0,89.51198577550711,0.11500743590398282,95.75911465949031
Turn4,Baseline,3000.0,0.0,0.0,89.49180121514924,0.11498420598044208,95.75811162055538
Turn5,Baseline,3000.0,0.0,0.0,89.50524608339946,0.11497575283357812,95.75833617627208
Turn6,Baseline,3000.0,0.0,0.0,89.46381357336982,0.11491013812854498,95.75876747102164
Straight,Baseline,3000.0,0.0,0.0,89.43856665818421,0.11504128780572216,95.75884881215423
Straight,Optimized,10877.424486444932,95.52300092709264,0.0596221056885599,96.71259603114271,0.025840838520668576,91.80629283127874
