turn,setup,rpm_mean,speed_mean,accel_lat_mean,tire_temp_mean,glicko_sigma_mean,engine_efficiency_mean
Turn1,Baseline,13384.69514312468,125.66384303952792,0.7588657097153981,104.99305548921755,0.23181391251039637,88.04472355304473
Turn2,Baseline,3000.0,0.0,0.0,89.4879890411171,0.115006803886761,95.7569213227075
Turn3,Baseline,3000.0,0.0,0.0,89.4948819176726,0.11507814457732138,95.7589275101437
Turn4,Baseline,3000.0,0.0,0.0,89.50914202757636,0.1149159800366728,95.75591884956918
Turn5,Baseline,3000.0,0.0,0.0,89.5034771483916,0.11498291802573452,95.75857882002585
Turn6,Baseline,3000.0,0.0,0.0,89.53409250649139,0.11510213254593937,95.75709884942239
Straight,Baseline,3000.0,0.0,0.0,89.49939015789754,0.11511776953114405,95.7589771776996
Straight,Optimized,10847.861464512127,95.52300092709264,0.0596221056885599,96.83751120940994,0.02588496572215126,91.8261383928959
