turn,setup,rpm_mean,speed_mean,accel_lat_mean,tire_temp_mean,glicko_sigma_mean,engine_efficiency_mean
Turn1,Baseline,13382.433548288434,125.65747311451776,0.7589268812444747,104.9523999091011,0.2318327330358882,88.04104124055257
Turn2,Baseline,3000.0,0.0,0.0,89.49061779650755,0.11504475441123431,95.75906138231996
Turn3,Baseline,3000.0,0.0,0.0,89.49646496673225,0.1150235759322297,95.75775675968582
Turn4,Baseline,3000.0,0.0,0.0,89.50029687176097,0.11496058667290421,95.75522292936586
Turn5,Baseline,3000.0,0.0,0.0,89.52871627464367,0.11490628759868082,95.7585827134022
Turn6,Baseline,3000.0,0.0,0.0,89.51919540956708,0.11497283498042583,95.75665741053992
Straight,Baseline,3000.0,0.0,0.0,89.5089025944429,0.11497690692126038,95.76195115868126
Straight,Optimized,10849.60770642172,95.52300092709264,0.0596221056885599,96.34652245633771,0.0257189822604822,91.83264017760541
